OrderID,ProductID,StoreID,Quantity,Price,Sale_Date
6e581920-dcc0-4481-9213-63ae3c7fea72,1004,2,6,21.34,2025-04-11
91353e25-8059-4660-ac85-41111ba19228,1006,4,10,36.93,2025-05-16
52953a59-bab9-49e6-bc65-6a9dc947cf40,1000,1,2,97.85,2024-12-31
8d1f0add-da54-4805-b579-eca3395f25d4,1003,5,2,16.62,2025-06-01
6ff86a96-cd1b-487f-9874-1c35329201ff,1000,5,1,28.0,2024-12-14
2799bfbd-5a81-4268-800d-7a1cc13101a6,1001,3,8,92.45,2024-08-02
5ce2860d-077a-4b21-9c27-126196f28ef6,1001,3,10,26.19,2024-12-26
fbed3beb-922d-4ea4-a3e8-61471a35d7c2,1006,3,3,47.92,2024-07-26
e244621d-9fdc-4065-83d7-e923bc068b9f,1010,3,8,85.58,2024-12-11
4d328628-1c83-41a2-a35c-2e7da969de02,1002,3,8,18.45,2024-10-27
19222f48-1c69-468e-8cdb-6ed84e994085,1007,3,5,44.14,2025-04-13
50d89edd-2a19-4012-aece-86e6e00effef,1004,2,8,97.53,2025-06-04
8231dfb2-edae-40e5-a494-c0f767762521,1004,5,8,71.87,2025-02-11
d46870fe-6972-4d85-a7ed-3f53f79c42ae,1003,1,10,29.47,2024-09-13
3ab7038a-b16c-4613-9e78-0ec1c6801d49,1003,1,2,67.33,2024-12-22
96d7e945-45fd-475a-b57a-14cd91c6d59e,1009,5,4,31.85,2024-08-09
cadceb4d-fe9b-4f5a-aed7-524eaf7822e9,1009,2,7,86.68,2024-09-02
84ab2caa-3f66-41a1-a328-bb79f1c88add,1007,5,4,87.89,2025-06-14
2c353eeb-194e-4c35-aebb-91e6860da360,1007,3,1,63.27,2025-04-03
2b7cb02a-0ae0-427b-82e6-5a92dd711f9f,1008,1,4,11.34,2025-06-21
6b13bc75-d2ad-4b9c-b98c-062ecbdee388,1006,4,10,57.92,2025-06-07
fe4617d4-3f9d-4cf8-afd6-8faa888814c5,1010,3,4,35.67,2024-07-12
b83458b4-bffc-45e7-90bb-4bd5c09df952,1005,1,1,50.93,2025-04-28
6f19c47e-7ac6-4374-88a2-fd3cbdfdd35f,1002,1,6,15.39,2025-06-18
bd202954-5ee6-40fb-9802-05cc7a24594f,1003,1,3,98.17,2025-02-27
6a87b5f5-46ec-4f9a-9318-0e4285a3d0ab,1007,2,9,63.76,2024-12-09
7e80a462-80ba-435f-afb0-7726dda6f52c,1010,3,7,76.45,2025-04-12
2cb6b893-ecbc-43d3-a58e-17db5416c7ec,1006,1,10,24.06,2024-12-01
d6c3b817-5735-4619-bd6c-335863ec8510,1004,1,2,88.39,2024-08-07
a55f1362-f677-4aa5-bcce-1a8e40991045,1004,1,6,77.69,2024-11-19
d78a9b33-27e4-41e9-87c5-5accf5a3f025,1008,4,9,72.55,2025-01-12
80aac0dc-6e36-4650-b566-b3177f8662e1,1003,4,10,62.6,2024-08-26
56a782f7-8d61-4a81-a504-7638fb9fa0d8,1007,4,3,66.41,2025-01-11
1bd30868-103b-43f2-b746-602f9635ceec,1006,1,7,67.4,2024-07-16
4a2d402e-65c7-442e-a9e5-61e2336db7aa,1005,1,10,27.07,2024-08-26
98a3293c-162e-41de-8945-3c8736da2fef,1005,4,5,75.1,2025-06-11
0d2865a7-80f2-4bde-89bf-8c007f11f5fd,1000,1,6,92.12,2024-09-20
c4aff92b-838a-4804-86de-fe6ef36bb12a,1002,3,9,88.71,2024-07-31
ec240991-6762-44b0-9e3a-99d9a6e219ee,1007,2,10,40.51,2024-12-03
482fdc7c-ed79-43c1-93ab-177825e8745d,1006,5,4,58.75,2025-04-19
4a28f6ea-1d14-4999-9e5d-ecd1ba6259ab,1010,1,10,14.26,2024-08-26
20a62169-6bcf-4c41-a5ee-fa5552747f98,1001,5,10,57.7,2024-09-29
25f75128-7898-45e7-aca3-b7a79071ef19,1002,3,10,35.9,2025-05-23
3bd85fd1-96b8-473b-a090-fddd22cfc175,1006,5,6,49.24,2025-05-08
53f03049-5a32-4035-bc46-692935aa3509,1010,4,8,74.41,2025-03-23
c55d0ee9-ca7e-4bee-8b41-3db1a5fb7173,1008,5,6,81.84,2024-06-30
9b16ef2b-bac3-405a-b82b-cb8de55ce41b,1000,2,3,42.28,2024-12-10
d8ea6a61-4423-4add-8a76-2b5fba59721c,1002,4,6,75.39,2024-07-03
c580ce8f-8792-41f4-b7c5-38bdcff5258f,1004,3,6,23.95,2024-10-26
150cb731-f16a-4703-b354-df9afb989fb0,1001,3,2,85.69,2024-08-11
666bd63c-240a-458f-aea2-505bb8a7963e,1010,2,7,15.35,2024-09-26
cfcbd962-fa9a-4430-816e-ab4bddf5224d,1006,2,5,71.97,2024-11-27
2cfd2ab4-1df9-448a-b832-16c25ba1e26e,1006,5,6,87.03,2024-12-09
bca09c0c-7488-4d5e-b52a-c933d710791f,1004,1,8,90.86,2024-07-26
82ef61a2-3680-4b8c-9232-dbb3d7307595,1004,3,7,48.38,2024-12-25
d0ea9e38-0e5f-4349-93d8-b59285c6f7ce,1006,4,7,19.89,2024-09-23
ea7e20bc-0094-4065-99d2-898cd0a96bcd,1003,1,3,16.64,2025-03-12
f44613f1-f1da-4d49-9f94-cbb95d277532,1004,5,10,20.69,2024-12-23
450405f5-ffbe-4342-95de-3ee53e3287e3,1004,4,6,65.65,2025-04-02
b1fa6f16-1282-46b2-a1f3-5c84149b1df3,1010,4,10,22.6,2025-03-20
d4bd8ef0-9c20-457b-8fbf-dce1c2f9641a,1002,3,6,50.91,2025-04-12
994d7a7f-f292-45ca-be95-dd3491c5f6c7,1003,4,9,17.53,2024-07-26
61a5879c-0a63-4e12-863d-f07aefe1d54a,1003,3,5,74.85,2024-11-27
55c3080f-de4d-4efe-8421-3e7acd40081a,1002,2,8,69.82,2025-05-09
293f0718-988a-4b21-bfef-46c5b740f817,1000,3,2,50.1,2024-08-23
179bb2f5-0933-4953-9b1e-2efea69cf7bf,1003,2,10,96.23,2024-08-23
dcff7eec-280a-4742-bbbf-a950a5d42efa,1002,2,6,75.57,2025-06-26
a2bada99-2e22-496e-a787-f2fc13e81d01,1009,5,8,45.89,2024-08-24
3363c2db-c562-4ce3-8a44-6da8546b865c,1001,1,4,34.4,2025-04-08
4856b4ac-360a-4992-a2d6-828c88b9b92a,1008,2,9,32.4,2024-10-11
aec46db4-a075-4aad-a7ec-08a2581364b3,1007,4,2,84.34,2025-03-31
ced87f5e-0a1a-43f3-a811-afc9ca37a13b,1002,2,3,89.43,2025-01-27
0a9e0bf0-e3ba-4ed6-adb2-697d1e911e7d,1008,5,10,44.39,2025-04-20
730e0bcc-4397-4a65-a513-b7822a20efa5,1009,2,2,57.0,2024-10-17
99cb1c09-b337-4358-9138-2da7c70398c6,1007,5,4,62.81,2025-01-24
73644bd5-8db4-42da-9489-bc4d4bbbdce0,1001,4,1,38.33,2024-11-11
8874a935-9c21-4d21-ba3e-459b371723fc,1010,2,2,87.98,2025-01-14
ce34cc91-dbba-4e38-a00e-6d6867d46992,1008,3,3,40.01,2024-11-16
db24786b-391c-4592-9554-4fc4e90c1283,1010,4,1,79.34,2024-08-05
eec03e42-0352-4ca5-a92f-b1b7c47938ff,1009,5,6,62.67,2024-09-09
36cf9e3c-7b2b-473a-a3c1-4a0ee3369ab2,1010,5,8,19.57,2025-02-13
9e83a7ed-b3f3-46be-a46f-d3ab5daea80d,1003,5,3,43.08,2024-07-04
221e6bd6-4cb7-469e-8f17-3287b1c02a4c,1000,1,2,76.27,2025-03-01
f48218fc-2023-4068-9941-d4039b85c050,1004,5,1,77.09,2025-02-17
5e4d53b9-80da-4e03-9742-38bf32f3e077,1003,4,1,52.9,2024-12-27
eedf0280-ff5d-4793-850f-0a7d2af3aee0,1006,5,6,47.83,2025-05-13
44d26c5a-ae41-4d09-91e0-ef525b97a5fc,1002,5,3,27.68,2025-03-09
a54f976d-93a5-4e90-920c-fdc0a449b176,1008,4,4,71.77,2025-02-02
6d79ca60-738e-4b56-8d7f-a6760e1301c4,1000,3,1,64.61,2025-03-09
0a33b475-84c7-48ff-b4fe-13681cde4b38,1002,2,4,69.54,2024-07-21
7a1d0bd3-fa08-4f48-b6e7-e3ce95563535,1003,2,1,89.17,2025-03-28
b77b54c8-4644-4783-9198-dca83cf9cddf,1004,2,10,88.33,2025-06-10
eaa67502-81c7-4665-82dd-9c812eb568c4,1000,1,4,67.52,2025-01-26
9e7f3193-44a4-4a73-b4ed-e7f08aa41d60,1010,4,4,72.91,2024-10-21
f9b41aa3-f0d8-4882-bca4-12cbe34d746f,1009,4,5,71.62,2025-06-22
50bffb34-8aa3-41c4-a18a-9d39b689266a,1007,2,8,32.45,2024-07-26
819bb10f-65f3-462f-8934-8e457b180bf9,1000,2,7,30.83,2024-11-19
cb4297f1-e309-47cc-b52c-69ba563b5910,1008,2,5,62.17,2024-07-19
b2c3c00e-7271-4b65-8c56-5fbfa5f4aa2f,1001,2,2,43.7,2025-04-22
c40762c6-b911-4796-9bf9-87ea50bc0651,1007,4,5,96.27,2025-01-31
f36ffa19-56da-4ccc-b629-6b8b7089b63f,1005,4,9,35.78,2025-06-01
3d802142-3bc5-4e77-9d3a-a269dc38a5a1,1010,1,3,92.36,2024-10-11
74beb202-fbb6-4103-b3cc-5300f6a2d4c2,1004,1,4,53.38,2024-09-12
762e9667-dcf9-4f94-b438-60b02e097f62,1010,4,8,17.19,2025-05-15
5f63b840-6f24-4f87-aaf6-769d919a51ed,1004,1,8,70.58,2024-12-13
d20b7a4a-3297-4ac0-90c9-9d02c4476018,1009,4,10,31.44,2025-06-26
94914534-266a-4779-a62a-a007fcd4c812,1008,2,3,11.97,2024-09-23
a9a67ffd-ab46-4817-86f3-5013b0f28fca,1001,2,3,42.28,2024-11-08
823e7819-337b-45fb-8bc1-0065e2fd5d88,1001,5,3,85.84,2024-12-02
03936211-b88a-4102-b43e-7afee508ca32,1000,3,1,76.58,2025-05-11
2d0571c4-3d46-4ffe-9807-e6d60d97f060,1004,3,10,44.37,2025-03-23
46bbb110-15e0-4e7e-b73a-db89239becf4,1004,3,7,45.42,2024-08-22
13b5e8ff-ae59-4014-9781-ebf6bd2b838f,1001,5,3,16.99,2025-03-10
e8ca8ad4-810a-4677-925a-484d2ccde4d7,1005,3,7,49.89,2024-11-25
fe11cd91-34ae-43ad-b36a-d0d70cc02dd0,1005,5,3,85.33,2025-06-02
733e4f15-a9c3-4f09-a5f6-7e0ec4de64c5,1004,5,2,56.52,2025-02-21
d03c289c-8083-41e7-826e-b5e074fc356a,1003,5,5,64.44,2024-12-28
2005ec71-6829-4af0-9832-20ea6b0fd4a8,1006,3,4,67.47,2025-06-12
8d328c35-5286-4dcf-84bf-3ca868c98878,1007,3,1,73.26,2025-02-14
c28c79f6-e3b9-4af7-b621-8c81c47ac21e,1001,3,9,33.14,2024-09-23
15a0cb8c-2817-4385-802d-dcf2ff952d68,1007,1,5,36.59,2024-10-07
e2ced8f1-5186-47d3-b87b-7b1efaf6275f,1009,4,3,97.7,2025-05-23
d09f5c48-78b5-4b85-8f68-adc8ff5afcdf,1002,3,1,70.1,2025-05-26
61f7d60e-adcd-43b3-abca-fb9504b809d5,1001,4,8,47.18,2025-04-21
4e1e1d87-9d91-4f44-8470-a5c9f8fa5f02,1002,1,8,69.02,2024-06-27
1aab3e81-3230-4ebe-9553-382bb00e5f2d,1009,1,3,42.64,2024-08-17
abbdda55-45b6-4e2e-83be-90ca51772e1e,1001,4,6,27.89,2025-04-03
5926780c-bf28-4814-9480-e75b4eb1e5dd,1008,2,4,27.73,2024-09-16
6fcba6e1-cb54-4f89-9acc-b415b5f67e31,1010,1,9,93.84,2024-07-01
74d69bab-bf41-44c0-95e4-abacdcd4e15a,1007,4,10,87.77,2025-03-09
cd1463ec-32b9-48c4-9e58-44e632378d0b,1005,3,5,43.16,2024-07-08
2f692a96-9408-411d-b59c-2137edfa9ba6,1000,5,6,36.11,2025-02-27
07d2c362-895e-4156-b22a-622e6f16435f,1010,4,6,48.06,2025-04-22
2b66adce-2188-4e3a-af1a-5db96f77b651,1002,4,3,34.29,2024-12-27
87b9c11a-3ac7-4d01-b4fb-fe8b36f55d4a,1005,1,4,68.83,2025-01-30
7c74375d-9210-4bf2-817f-36ad6e1df0cb,1008,5,9,68.83,2025-04-20
db5c81fd-4a15-4d0f-a39a-3eff69010353,1004,1,2,81.33,2025-03-01
c9206503-56b1-4499-9f6c-682f14f1f6cf,1000,1,10,34.73,2024-12-27
36402325-f997-42b9-b64d-7dacab323843,1004,1,10,77.98,2024-08-29
dc4df39a-a2d8-4946-b093-68a2c3fab2f7,1003,5,3,94.38,2025-04-09
c692e583-277b-4fab-a8b0-28a9f310308c,1010,2,10,12.62,2024-12-22
cdcfcea9-a69b-4698-937a-6167b9476f5e,1008,1,2,44.67,2024-10-27
a2fd3076-5d27-48db-9ef6-f7ed32afe401,1006,4,6,72.32,2025-02-03
65fa6f9b-e5a4-4bf6-855c-688203b82c21,1006,4,1,57.01,2025-05-08
03232a09-f40f-433e-89d4-91d272032ebf,1010,4,4,24.02,2024-12-27
63a7a727-a0e6-4737-a840-d5ebf8720385,1008,5,9,31.65,2025-03-28
20486192-16bc-42ea-89f6-614adb9cc280,1010,4,7,60.99,2025-01-31
529a25e3-3499-4767-9d20-df91b56ec75b,1006,2,2,17.02,2024-11-24
e7c57804-e04e-4cfb-9431-f093afe07333,1008,5,1,11.72,2025-04-26
55252a60-1896-448e-a313-d1cf8c503d8b,1002,2,7,25.94,2025-02-19
794221e6-1fee-4ac2-b652-c59064dd8ba5,1003,2,9,13.6,2024-09-26
7ca1569b-1e11-42ef-b89e-a19f0edb861d,1008,3,6,29.03,2025-06-14
87fbfebd-79cd-410d-9b66-8a239c4de6ef,1003,1,3,86.41,2024-07-29
5c445a10-b109-4281-880e-d9b2525a14b2,1002,2,9,43.42,2024-07-05
8acb0ee0-874c-453a-9f7c-49e6e5dc5c66,1005,3,8,90.74,2024-10-24
88891b5b-0176-422d-8994-4788f19057d3,1009,3,5,79.71,2024-11-07
da601810-ecd8-4dc0-befc-1edc24257334,1010,4,1,89.18,2024-10-11
12390191-fd46-4062-9ca9-82e908ead9f8,1002,3,6,66.2,2025-03-09
5280dbe4-cff3-40a5-a89a-96d34ae25d4e,1010,3,5,80.15,2024-10-16
593d02ad-d300-431a-81f3-966619893f41,1001,5,1,90.49,2024-07-03
edcf5b05-8177-4a95-b237-7b8887735e18,1004,3,10,67.44,2025-04-18
94d6434d-bda8-464f-b539-ef7d7e8606bd,1009,4,10,24.75,2025-04-04
a9b3e61c-ef09-4922-abda-6dcfbbb60883,1009,1,9,70.23,2024-08-20
826723c3-a17b-4669-bd10-fb4392396c3f,1000,4,5,11.37,2024-09-23
0015ac0e-1c1f-4495-9a3a-aedab15eb567,1002,4,4,40.37,2024-11-25
46248ee6-85f6-4e38-86f4-438eb5d3ae10,1001,1,8,71.86,2025-04-07
f3f59c95-4e31-42ee-9898-0f051717bcce,1010,2,1,57.98,2025-06-01
3e50804f-929d-4d31-b0cd-f372b433ca0f,1004,1,5,32.16,2024-08-19
cd6ac389-f68f-4f30-9b5f-88acca90d80a,1005,1,3,59.82,2024-08-07
8f58699b-28df-4501-a746-28b514d75eb0,1005,1,6,41.53,2025-03-08
ccab8855-9078-4b5b-a847-7dd202cac09f,1009,3,9,58.23,2024-09-26
aa15ce2c-9d92-4783-a0b7-edeb8e29a8e1,1009,3,7,77.34,2024-10-22
dbcc2dc4-032c-446b-8dd5-c5065dc5ffef,1005,2,7,84.94,2025-03-20
16157824-c4be-49ca-b668-2399ca3d69a4,1004,1,5,96.55,2024-08-04
6fef3d02-c543-46cc-8720-81c227f52567,1004,5,8,26.37,2024-09-14
bf922e65-5e82-48d5-b64d-cdf83aea5d01,1002,2,3,93.95,2025-04-22
5d2d79d5-ae76-4eb3-9281-95f30b45ca7b,1002,5,2,21.67,2025-02-28
73a8b93e-8b66-4a30-bb27-ad5a81431bca,1001,5,8,89.09,2025-02-06
e116c1ec-156d-4fbc-8473-c388e16b1c33,1009,3,3,99.21,2024-12-28
394c04ad-1b6e-488c-8958-e467e119161c,1003,4,4,87.66,2025-04-12
a0c4c926-0095-44f4-8b62-0d36de2d1959,1009,1,7,47.04,2025-02-10
e860caa9-a00b-49fc-8c13-c6b7e88a0164,1004,4,5,18.46,2024-09-02
814e2602-29f9-4874-9d91-14425fbff244,1010,2,1,87.39,2024-10-23
46a231a9-77eb-4ed4-b26d-ecba23d85540,1010,5,5,54.35,2025-03-02
43ea10a8-77ae-4b47-9715-3c2571296ef3,1001,2,6,30.59,2024-12-20
f75aa533-b130-4769-bcad-94754fa63985,1009,3,4,67.8,2024-10-03
b679df85-6c36-4fea-8905-04bd687e7a07,1001,3,3,61.29,2025-02-24
0649206a-ac09-432f-9c06-d99d2051e959,1001,3,9,62.89,2025-02-02
5f439b0a-5448-4f8b-bff0-e058a9ffb88c,1003,5,2,36.17,2024-07-24
38139777-00fa-4b73-a9ad-52544736a7a6,1005,5,5,76.71,2024-12-06
017ccf6c-a04f-47e6-aefb-d60e60ce639a,1002,5,2,42.96,2024-12-01
baff2490-0083-42d4-acb3-4ed9e1ec0261,1004,4,1,14.72,2025-06-12
6b798954-0472-47ac-97a2-cd60745bf1fc,1006,1,5,83.52,2025-05-27
82bac0dd-d21c-4dd1-bdd8-dde81330dd48,1006,2,7,29.47,2025-03-03
74cfbe8a-5918-4a97-9a33-0a519878d5c8,1003,4,5,64.87,2024-12-04
121fc45b-7505-4a42-a50c-70ec37dbdc64,1001,2,8,29.12,2024-12-25
0abf295b-c5c3-446f-a343-dc10137c1899,1002,2,2,17.94,2024-10-18
0d303c78-e838-4587-bb8c-60116eb85242,1005,3,9,76.43,2025-05-13
3cb84223-2cdb-4c58-b0fe-68afcdcfa464,1010,2,10,91.09,2024-07-04
ffdcae66-1551-4ae1-bd0f-3023c0e8eae4,1002,4,8,29.86,2025-04-11
56d9b3f3-37d5-4e76-92a3-4aef86804783,1003,3,2,51.4,2024-11-06
c2fc3f3f-8e6c-410d-9452-d54c409f85dd,1009,2,2,58.12,2025-03-27
216af85d-5939-4baf-b650-0e17e3892683,1006,3,2,94.29,2024-11-23
50d4e48e-5a0d-4538-8402-fbef20258abe,1005,3,3,95.47,2024-11-03
c9474845-4713-4937-a1a3-1cc8d4786b12,1006,4,7,92.98,2024-11-07
a092a199-adc3-4a85-8d84-8b36360d2c1c,1009,3,1,59.49,2025-02-25
c8d5a6fc-07bd-4fbc-ba1a-9d17fd768960,1001,4,7,26.79,2024-11-28
03d03799-41ac-4a31-a056-765b26aa8def,1005,5,1,35.72,2024-09-28
84799c3c-4d04-4e49-99b0-086059388a1e,1007,5,3,49.81,2025-01-19
7769f989-5cde-402d-aa9f-8bb9a7ffd2e8,1002,4,10,82.88,2025-05-08
c8738f76-6d7c-4299-a1f2-844cce33f943,1005,5,8,70.42,2025-06-16
8e347e5a-2c73-4849-baf6-1fd5817963a3,1001,3,6,52.1,2025-01-24
92a729a5-2b0c-4818-8f46-5575bbcbf732,1008,5,10,11.24,2024-12-04
dfd46bc2-c5a8-4690-be24-53882012edab,1008,4,10,99.03,2025-01-22
8e45ae5b-c5e6-4f4c-9ba8-05c0badc1e2b,1007,2,7,59.55,2025-02-10
79205eb8-51d3-4885-a0cd-e586201afe48,1003,1,10,63.56,2024-12-07
3ae91b81-78f3-460e-b7dc-57e8f5aca7d0,1006,3,10,29.68,2025-02-07
681d375d-465a-46a9-b439-d9ece205e36e,1003,4,10,25.5,2025-02-24
974aace9-188e-4fa2-bd42-28e212829aeb,1009,4,7,55.41,2024-10-04
b5092e01-09a1-4687-9312-18f2169116e3,1010,5,8,40.33,2025-04-27
50b2af2b-d060-4656-9f1e-ae1fa7a7ac3f,1002,3,4,64.69,2025-01-17
35ee1d48-ca24-4c77-b217-f2a6c99899e5,1010,3,7,86.4,2024-08-13
fdc7d861-93bb-4585-b873-c76bc01e8d02,1010,5,6,85.15,2024-08-31
442cc30e-1565-4cbe-99d8-252d4d8139d7,1001,1,7,10.42,2025-05-26
c896e534-8a0e-4160-8419-6b6f3337cbc4,1003,2,10,50.99,2024-12-05
f6b2489d-08fb-4673-93f8-0c95be8c2527,1009,1,1,59.02,2024-11-19
9536817a-3a0c-4a2f-83d3-b77cfcd3a28b,1000,2,7,33.71,2024-11-12
8e3b059f-538e-4e00-a473-5548b2e02344,1008,4,9,50.35,2024-08-12
c35c5555-6651-461c-8209-c8474d1e8649,1010,3,10,87.63,2025-01-21
d1710181-52bc-4591-90e9-163b7c01098a,1009,1,8,10.77,2024-12-20
b62c7570-8e86-4e62-8ff6-9763f572b666,1010,3,2,16.41,2025-03-15
6ed8b260-4154-42bc-ac42-3650a635c563,1004,3,1,12.93,2024-07-06
34b73d07-657e-4f31-80f1-147c241971d3,1000,3,10,84.92,2025-05-25
a7eb4b4f-4a35-419f-9cb6-e67c7fcb1812,1004,4,7,88.76,2024-12-28
cd6524f3-d1da-4f02-b122-43b29eef151f,1007,5,7,59.46,2024-10-24
a9056853-81eb-48b8-b6fd-d0e75a2640f4,1009,3,8,21.84,2024-09-02
1ac43948-2320-4d70-a605-481547b52b91,1000,5,9,18.91,2024-07-04
d39cdba0-2151-470b-94b4-7c9e0e2c5142,1009,1,1,44.32,2025-03-03
f32d79e1-7510-4f24-9939-80446b13e514,1010,1,1,85.78,2025-06-01
4d5b5be7-a3e7-4a0b-a039-4f94b7d455eb,1004,3,1,45.16,2025-03-25
deb3325e-09ff-4a72-ba7a-21b7aa172cc9,1002,2,1,58.12,2025-06-09
4097b9b7-f1d8-416c-9d24-10516e8c5816,1007,2,4,22.42,2024-08-23
c190df76-6f6d-40e8-b922-ddb5f2a7c302,1007,4,7,44.52,2024-11-09
52404fa0-a5e4-4e7a-9153-c15fe6b8af4a,1003,2,10,71.34,2024-12-03
61c953b1-79ee-4023-be47-e11c6a538720,1007,2,3,85.36,2025-04-15
95c75179-6a03-474c-abd8-f8b1764079f3,1001,2,6,23.65,2024-07-18
4aac8ec6-5bf8-400d-a8c9-3550825866d5,1003,1,6,20.68,2024-12-26
c607f8df-e79b-4664-9b27-8d9dc0632776,1001,5,8,85.57,2025-03-04
8f88d6c0-76ec-4036-a2dc-824f150fc181,1002,5,1,84.46,2024-10-17
9b765ba8-19e2-4290-a15d-745fcaa66c0c,1007,4,4,74.64,2024-11-17
aba5b03a-4a37-4a6e-b9ee-1dd55cc94e3e,1010,4,3,76.96,2025-02-17
9510c8b9-bc2d-4c49-b783-1632c1bf4bb2,1005,3,8,15.28,2024-08-08
fb326d1e-28ab-464e-84a1-c79a5eb97308,1010,5,2,19.23,2025-04-04
052826f7-4a1f-447a-8f65-eb83e1cb2ca3,1003,2,10,80.74,2025-04-12
ab38e752-02c8-46cd-9496-9a5ee0c6b287,1010,2,1,91.35,2025-06-05
96630d9e-3144-4e33-bc56-ed17363f2858,1003,4,8,80.93,2025-06-14
b7b3c195-ec29-41d4-a5c6-3803f22d12ec,1007,1,4,90.49,2024-11-08
57f3baff-b531-423b-8153-b966b28f6587,1008,1,5,35.08,2025-02-24
c748a95a-f36f-4723-9eb8-b3eefea66177,1003,5,6,61.68,2024-12-09
939ea597-7766-44f6-ab02-f215415e2547,1008,2,4,79.07,2025-03-28
f039686c-4dcb-4974-a6a1-bf96450f5e2a,1007,3,5,31.21,2024-11-29
839f8bbb-86bf-466f-b3d4-9ec96922801d,1005,1,5,31.68,2024-08-08
6065a9ac-027c-4539-9831-63056d658427,1010,4,8,83.78,2025-06-14
939b2e0a-12fb-4685-914c-e16d04903f30,1002,3,5,82.56,2025-05-24
71cb49da-8c38-47f2-9fae-a236c60573d7,1008,5,5,85.75,2024-07-31
c0f56ea6-34ab-408b-8811-c8f602476a5c,1004,4,3,43.42,2025-02-17
e30c44d3-b7f6-444e-91c4-33d66c484bbf,1006,2,9,75.98,2025-03-09
dff8e703-b045-4a3d-9acd-6ccd81770dbd,1005,1,2,86.37,2025-01-17
45fa4215-5d81-481b-a725-5317611d5e19,1010,3,2,64.46,2025-01-13
c421eddb-1af4-4664-ad2f-a0fc5b023ea0,1009,3,7,88.78,2025-06-10
c3f55d96-6e56-4ee3-b5ee-79c4c256602f,1003,5,6,94.7,2025-04-27
ffb989ad-7749-4e71-8e51-a8b9aa8819db,1004,4,2,72.52,2024-09-01
42a8572e-52e5-4a1f-a23c-4e54dd27f33b,1008,1,3,78.31,2025-03-19
959a9f71-decb-4538-b333-39c03074d1c3,1002,3,5,79.83,2024-10-16
538e7e02-536d-4639-8cd3-4e6922d7cb12,1007,2,6,71.11,2024-08-03
ab9d9023-9a7c-4ce8-bfd5-2695f09f444b,1001,1,1,39.87,2024-10-15
49b1c152-1f52-41ec-ab71-ebc70b87722c,1007,1,5,70.11,2024-07-30
939eb3b0-9f51-4faf-9f1b-754e126c11fb,1009,2,10,26.22,2025-03-12
9e7bf55a-4ece-4317-b796-51e62190404e,1008,2,9,83.18,2025-03-11
a74c6882-1bfc-45fa-bc3f-f0aba6322f97,1002,5,6,12.42,2024-12-06
01d78c77-53f7-461e-b1d5-190570ac168c,1006,2,10,82.53,2025-03-25
58b9e43b-3275-4756-840c-ffa53b028fee,1001,1,9,18.71,2024-07-25
21cf3d10-8edb-462d-b72a-9028cf83e1c8,1003,5,5,35.34,2025-01-30
9e8b7aa5-e515-44ae-97bc-b84e0b231ecb,1007,4,6,53.15,2025-03-09
e2843dc2-1188-4e00-8462-da45ab7a997f,1005,3,5,47.17,2024-12-31
97807c2b-d19e-4bb6-a560-2cc6feae53bb,1007,1,10,61.86,2024-11-02
3d429950-07ae-427b-a991-702de9616a40,1000,3,8,68.0,2025-02-01
82dcb7a5-7740-4a80-952b-e62f7e3eb9f8,1009,3,5,32.04,2025-05-26
468f8938-05d2-43ae-8f84-bb113752a516,1008,1,3,10.58,2025-06-02
aeb9f05c-36f8-47b7-9a3e-44477b7e8d58,1003,2,8,57.58,2024-07-13
e0defd74-6cd8-4c53-b7be-99a0a5384157,1010,3,5,14.24,2024-11-18
280703e5-113e-4408-83ca-73476975543d,1003,2,5,14.01,2024-07-14
3c977c60-b52e-4e32-a3ff-7f298b2d6424,1008,5,1,64.71,2025-06-18
46384707-c5a8-4a8f-a618-ea28d3944001,1000,5,1,66.37,2025-04-03
83565413-5ae7-447b-8e33-f2f123244f4a,1008,5,3,25.54,2024-11-15
01b425a7-c1b9-4774-b2d4-0b9dd2822103,1000,1,5,83.87,2025-04-23
0d6316de-20d4-41ff-a1d7-e6f271b77324,1004,3,9,88.07,2025-04-12
7dca0c25-8eb8-484e-af03-08f4cbcda46e,1004,4,1,13.28,2024-11-24
da66d9d1-d801-40a9-aa9b-837bee077525,1004,1,5,74.87,2024-09-22
6c1e0de5-b093-4898-aab7-454ee36d8cff,1003,3,4,57.37,2025-01-29
4756d440-9634-4082-a78c-a7851757e7c0,1003,2,1,47.05,2024-07-29
76bfca80-c50f-4170-8904-52eb28caa469,1006,5,8,79.35,2025-04-15
c016ca98-f373-4487-bf6c-56481e2575bd,1010,4,5,13.08,2025-05-15
7292e29b-7495-4693-880f-5a12bee86146,1003,2,1,52.39,2025-02-11
b85b15b6-fd43-4039-9877-5658b185af47,1000,5,8,58.23,2025-04-10
fd7cd54f-52b8-40df-8ecc-e3a07d686a5d,1008,4,2,34.76,2025-02-08
d66d7fe4-5f89-44ee-98ab-57f894b8bce2,1009,3,9,30.32,2024-09-13
c336cf39-5484-439c-97dd-70b273dc0c4d,1010,4,7,78.68,2024-10-19
722b0bee-baa0-4343-b235-73074c341849,1005,4,1,59.04,2025-05-26
d61f8287-2875-4938-93e3-1a678e0c863a,1003,2,7,75.04,2024-11-22
c8508e45-20c5-4f01-a979-068b81a2bc2f,1002,4,5,59.46,2024-09-02
da973ce1-a15d-48c2-9368-9b5194527c57,1010,2,2,34.73,2024-09-06
d6eac39d-1892-4dc1-9e69-46b8edb9bbfe,1004,1,9,58.7,2024-09-30
4745e7a1-14d2-4eb6-bb96-121fd25c0e78,1008,4,7,47.21,2024-09-26
f065153d-716b-4ad1-90cd-2f5a714c4507,1005,2,7,69.38,2025-06-05
233001d8-ae5f-4de7-a6a6-0886ba2eb041,1003,4,1,16.3,2025-05-05
169f2a54-cebf-4c6e-87f0-c61ec41b0fbd,1008,2,4,60.34,2025-04-25
28d40564-5bd8-4731-a915-32f9675ed1ce,1004,5,3,16.04,2024-12-15
ea878091-b98e-42e1-b851-8b46195d57c0,1002,2,8,89.52,2025-05-13
e466bb02-9e69-4237-8ffa-b4c3f722e1cc,1008,2,2,12.83,2024-09-02
78952332-f8ed-4e81-8275-3a04abe00f62,1005,5,10,96.01,2025-02-07
61e68c81-4e61-4ade-8caa-fc79de95e923,1009,2,1,63.03,2025-04-24
e40954cf-7fc3-4d72-9bbf-f9c182956b74,1004,5,9,55.52,2025-02-06
84569f99-3c5c-4150-9409-a79966fec0bc,1008,5,10,92.38,2025-04-25
fb372357-40fe-425f-9a3b-aa1e298ba9ba,1003,2,10,34.42,2025-05-11
6e001bca-2d21-4edb-ac2b-95fab060b11d,1009,1,10,40.56,2024-07-12
cef46856-b722-4a98-b88d-5ccb2756d138,1008,3,8,18.43,2024-09-16
f5396734-e4f4-42a0-b6e4-7e6407227234,1009,3,4,98.48,2024-10-10
b9e8a672-55e1-42da-bfdf-022a2317accc,1000,2,9,69.69,2024-09-03
100a6d90-0282-439d-8548-6313de3b2004,1001,4,3,43.65,2024-12-12
6056f4e9-247d-4a31-b0f3-e3dc7a0b2aeb,1005,5,9,50.64,2025-03-22
5719407c-4c87-4d04-a067-0178a1b0ccd7,1004,1,7,67.76,2024-08-03
897e20d9-116d-42eb-855b-fb4669f19715,1001,1,9,22.1,2024-12-07
1b243d64-4a0d-4a40-97d2-bc812d88fa84,1004,4,5,44.11,2025-03-26
97a4c11a-c0a9-4b61-abaf-d8eeeca384ce,1005,5,8,54.0,2025-01-28
e49762e8-1e7f-4eed-ba2e-926131471719,1000,2,9,26.13,2025-06-10
b002f0db-c87e-471c-93df-06046fb6b489,1003,1,3,93.63,2025-05-15
87779a2a-1140-4fac-afcc-55f8aed062e9,1005,4,1,77.48,2024-09-14
4263cd23-77ec-46a6-87cc-1dddd50d48e7,1002,4,1,75.8,2025-03-24
333581f7-6d35-46a0-9251-e486755648dc,1005,3,1,83.18,2025-04-13
3d777e4b-b367-49ac-a372-6c6871ce16eb,1007,2,1,57.59,2025-02-22
db8f51b7-77ab-42a3-8ad8-58d5a9dee351,1008,1,4,73.4,2025-01-21
b39eb1f4-a483-409e-a64c-07eea01fb0f1,1008,5,6,59.77,2025-06-20
c4617ec0-ae3c-4caf-8cf7-8e57775a5972,1010,4,7,29.53,2024-11-19
a18bf585-c7ff-48cc-9182-60942b2f1093,1001,1,7,73.27,2025-02-24
15c1ac88-aa1f-4b20-9a88-8c6f4531ce5d,1007,3,9,82.69,2025-05-26
71d069be-650f-4301-8037-5decc7e7621a,1002,5,5,71.87,2025-01-16
cdee1d67-93b2-48fc-85cf-fa89bb6bb8f3,1003,5,1,63.96,2024-07-31
b760ec3f-3fe7-4584-9dcc-4e972377aa4d,1010,3,1,90.92,2025-05-29
5dcd4a8f-24fd-4180-8684-4f73e73dda1b,1007,3,1,10.17,2024-09-25
a3b72efa-f6ac-480c-a108-7fdbf335464c,1003,3,5,47.75,2024-07-18
04b34b30-1003-4578-9072-9d42edb528be,1003,3,5,78.87,2024-10-30
9b527060-036b-48eb-b81f-3d00691a58bd,1006,4,7,14.66,2025-03-19
7d0d77e8-34ff-49c9-9f0e-b262bf3e3e6c,1005,5,4,33.49,2025-05-16
91b4d5cd-bc24-43db-b375-b4f4e2f378f1,1010,2,3,26.0,2024-09-12
cab7c995-4b69-4989-af67-01676d0e7326,1006,5,1,20.04,2025-03-21
91ffef9a-7208-47e7-b8d0-28b942c1d966,1005,5,2,65.83,2024-09-20
27990924-ae9d-46fd-9c54-2ca29d21b3d0,1001,5,3,91.97,2025-05-29
92d0312b-770d-411f-99d3-dec1ba06cc21,1005,5,8,83.63,2024-11-01
02a0c801-5cd5-4692-af21-c8343c93e55e,1001,2,5,21.62,2024-09-16
53924ea4-9f8b-43a6-a179-070a19df0725,1005,3,3,22.68,2025-05-08
5d44e38e-f36b-48ac-9ab8-e2874756eeb9,1001,1,7,90.82,2024-11-18
89b0042b-4133-4519-8d65-cb1144e52af0,1002,4,3,86.59,2024-09-04
c0808eeb-dfbf-4f42-a00c-c6a7535d5b72,1000,1,7,71.24,2025-03-08
539da744-64f0-4cab-8e1a-fab1ab6dc9d3,1010,1,2,39.46,2025-05-28
f41bc99e-4b91-4b4d-92f3-465a9f71e642,1001,5,2,19.3,2024-12-15
4ca33961-671d-4fe3-88af-04965dbbe913,1007,2,5,90.06,2024-11-16
6d683778-a503-429a-aab9-b16593ea10eb,1010,3,5,59.57,2025-05-10
a42118de-d36f-484e-8506-8d4d95dbd319,1001,1,8,37.09,2024-10-09
c7220fe0-1e0d-4df0-95a5-423b1819dcad,1008,5,7,29.71,2024-10-18
2eb25927-453d-4dc4-be60-eb1315a348c1,1004,5,1,51.47,2024-10-22
65644b91-7a96-4f48-80c5-d03ac01bdfd8,1006,2,10,84.93,2024-07-15
ed94a647-f6b4-4f17-a082-8b81208dfc5d,1004,4,8,62.54,2025-01-05
9226f465-5caa-4098-b7a1-d1f08feedba4,1004,2,7,26.04,2025-02-17
1ca3b07f-6d0e-4a4d-b364-cc6a60b59279,1000,3,5,26.43,2025-01-01
37337522-cfb4-4731-8f3c-4a9a6a70f7ec,1003,1,7,43.65,2024-08-19
6cffdd50-6ea8-408e-bf05-4fdaa4abd0e6,1002,3,1,60.64,2024-11-20
9d74bc1a-38ed-4f73-9f4c-6f9ca0e6c154,1002,5,10,56.11,2025-03-01
58d8565b-c9de-4c59-b550-416f369e001a,1007,2,7,80.44,2024-07-07
304193ba-58d3-48bb-bcfa-9c9ad2175ff0,1001,2,4,68.86,2024-11-03
9224b2ac-8c0b-4ac7-a3b8-e3e781613cab,1003,1,4,84.18,2024-08-16
56eb687c-a92b-4f9c-b2d8-3d00d0ab5cf9,1004,1,5,12.31,2024-08-09
e11ee88e-e11c-4f08-bd87-b4830d4de13b,1008,2,1,74.18,2024-07-19
e9371526-e027-4703-9eda-786871f9eecf,1002,2,5,76.04,2025-05-04
648672cd-2dc2-43ad-b77d-369be7014885,1008,2,9,50.54,2024-10-13
44ca3080-58d7-47f0-9f00-19e68efd6886,1007,2,6,98.06,2024-12-31
85e46785-4af9-499c-bb32-74581e949790,1009,5,8,93.84,2024-08-01
0851af63-f8d3-41f3-932d-e742d11e1d94,1006,4,6,48.42,2025-02-18
10e449a4-3165-480c-bd5c-bbae67b9457d,1008,5,7,94.68,2025-06-06
5be8f9f3-308c-4e85-aaf2-93968a9ec109,1003,3,5,95.28,2024-12-13
13b145d3-ddb7-4ee2-90a3-c2d058b9245c,1006,2,9,88.24,2025-05-28
b187228b-bced-4b84-b789-4cdd96c2c0be,1004,2,4,55.29,2025-03-18
bd2ca213-d83f-47f3-be63-62ed5708936a,1010,3,8,99.58,2024-12-12
eeba177a-0b4f-4808-8bbe-22e06d59a064,1007,2,6,44.26,2024-10-26
23b3cfac-f041-4073-aa32-12860e20ea74,1002,5,6,93.17,2024-10-22
4ebc7901-90d5-4d8f-85cb-9a6c4bfe9e37,1006,2,7,41.67,2024-09-16
951c648e-1cab-4eb0-8fe9-aca420d3b09b,1001,3,4,49.71,2025-05-14
795b833e-8d23-435b-9b46-c3baa7c22ef5,1003,1,3,91.05,2024-12-07
c03b7e87-94ed-4120-a1b4-8ce4df7477b6,1008,4,2,93.15,2024-09-02
c243991f-4d60-4eb5-bb5e-fb23772edb09,1002,5,2,69.29,2025-06-11
de6c156f-4653-4112-be05-b8b483c81c58,1005,4,4,42.14,2025-06-06
0dd232d5-071e-44fe-b2fe-c19b8e0d013a,1005,1,9,22.32,2024-12-01
aa3ca7dd-0d6e-435b-9a01-2d08b606c4b2,1006,2,6,38.32,2024-08-10
629b22fa-087c-4378-ae74-54b0cb7113b3,1009,1,3,35.72,2025-05-18
dc8ce356-a4e0-4cb4-9890-71501149eeb9,1007,2,9,57.69,2025-01-01
7881c489-4d84-4265-bfc4-8dc41700fb80,1005,1,6,69.57,2025-04-08
141ee848-3423-4aab-9a28-29259cfb6dd6,1007,1,7,89.87,2025-05-29
4ccb4585-3689-431d-b33a-fc3ccccf2fa2,1010,5,5,32.03,2025-01-22
81357e15-7866-4e33-8872-55fefd5a26b3,1005,5,4,74.63,2025-02-20
c3e33b62-9369-47f8-ae32-537f4529b138,1008,3,5,77.18,2024-11-14
3729ef4c-0300-46b9-a53a-655c5486dc75,1009,5,7,24.73,2024-11-19
86bd1622-fa38-4d47-b37b-521bfd577080,1004,5,1,13.53,2025-06-01
d7728887-82ca-4b65-bd91-5882b50bc419,1003,3,4,31.7,2024-09-05
c8e0eccc-c753-472a-b06a-54db4fae5711,1000,3,7,66.57,2025-04-02
34bd1aae-267c-4267-bdde-7c0fb53263fd,1001,4,9,93.99,2025-05-16
d66894ba-b8d4-420b-b7b1-8e2e83a9b8b0,1009,1,8,75.97,2025-02-07
5cb27dc5-b3b5-4d1d-a6c1-33701e8e4160,1006,3,3,68.68,2025-05-05
a0fe1166-5e39-4dce-88a6-aee00b61a91f,1005,4,5,20.37,2025-04-29
1697053b-ee01-4095-b41b-6384063719b8,1004,1,7,50.11,2024-12-21
894eb81e-bee3-4627-828d-447435e6b53b,1004,4,5,50.72,2024-08-19
cb842a56-e14a-4cf7-bb74-17373edd6e03,1008,5,10,67.29,2024-09-06
eaf64a34-a221-4408-822d-f384fbf693d6,1000,3,10,45.53,2024-10-26
4a1c6f78-47a6-4ab6-bc7a-4529b0eec30d,1003,3,4,50.95,2025-01-24
b2799e30-d222-44a8-be6a-d05bb698f451,1000,1,9,87.1,2025-05-04
8368e86e-4b1f-45d8-8a87-64996c13c6d5,1000,1,7,85.67,2024-07-23
45272a2b-09cb-4e13-a078-a31e916e8cb2,1010,2,1,36.08,2025-03-04
314d234a-2d1e-4eca-ac51-82eaef6f9c3f,1009,3,5,94.03,2024-11-11
a816da55-51b8-419c-943d-3f8ff6e657c2,1010,1,7,40.03,2025-01-13
dbbf688c-7dd0-4b4f-bed0-1ca3230ca131,1007,1,4,35.53,2025-02-25
fe6019c2-3d17-471e-a35b-2ab2554e59f0,1008,1,1,52.85,2024-12-25
6a9d550b-dc30-452b-a29a-025de3eb02c3,1006,3,9,90.41,2024-07-22
0871af9c-3489-4945-8fb4-f892a5a93555,1009,5,10,54.3,2024-08-06
ef523e71-fdc5-4a39-ae2f-f69e5f2e63b8,1006,5,9,76.09,2025-01-30
5f2d2087-4af6-4dc2-b67e-e685ba118d4d,1008,2,5,93.74,2024-11-26
38f4a177-377a-487d-b186-1c631cf20cf4,1007,1,6,32.78,2024-09-29
96e4bd7d-aa44-4646-8cf4-d4c4cb1ff9cd,1008,4,6,48.05,2025-04-17
ee839d42-58d8-4874-9dc4-42f9442d4c39,1002,2,5,76.48,2025-05-05
92815f7f-32c6-4f25-b9d4-2f3468da2ee9,1010,4,9,64.39,2025-03-12
81e33307-9486-4384-aa52-74510f7b6c34,1007,4,1,32.12,2024-07-20
31305615-18c1-4399-aff9-04ecea46744f,1009,4,6,55.64,2024-07-11
80bc02d6-eb96-4421-9f68-8f3e49553c4e,1007,4,3,19.73,2024-07-11
ad521535-8739-46c6-aa70-c8668aad95b7,1007,5,10,73.64,2024-11-05
cc13bf13-27f1-424b-9963-589589fb5d5e,1007,4,6,57.58,2025-02-03
b3337ba8-b839-445a-bef9-2aa99b30e408,1005,2,10,13.17,2025-06-16
c4cc8b35-8e20-4724-9adb-783296570ea2,1001,4,10,53.15,2024-09-23
74cc0d28-2952-4b13-beb6-fbc6922b3cc1,1009,1,7,59.05,2025-06-26
7c6cb77b-7af5-4413-afe4-c56a65be11c6,1004,2,6,98.97,2024-08-18
97f8cb13-6651-4e8b-9236-f8f4e082f9e0,1007,3,7,54.57,2025-03-16
01271f8f-dcdb-4dcf-a088-ef4c03ffb4aa,1002,2,9,36.14,2024-11-10
d2c3222c-4684-40e1-97d5-2fd1f0690f53,1000,4,10,98.27,2025-05-30
469f617a-a4d4-4768-96d1-3c3e841c12d5,1005,3,4,32.72,2024-10-21
22c7db4d-5ec0-4efb-b683-49526868f61b,1000,3,4,19.21,2025-04-12
7c3a6f26-4c90-4404-ba25-b156d748db2c,1003,1,6,53.63,2025-03-06
07672d0b-3659-4177-bc6c-780c70493f00,1007,5,7,82.58,2024-10-11
80a32898-f1d5-4656-8eed-6e04eee962d6,1005,1,2,52.71,2024-11-09
7d06c821-f23a-4700-b75d-4013008266c1,1000,1,8,82.52,2025-06-08
75155d78-c074-4323-b422-1afbd2cc8c73,1001,4,6,56.15,2025-04-04
e73d6886-a193-4834-8140-5df45269710b,1009,5,9,98.26,2024-09-23
e3ec1c84-6c2d-4b0a-a07a-5344acc492ef,1010,3,4,96.07,2024-07-03
dcaa1222-a221-4ff9-8d93-736723449f94,1004,1,7,73.61,2024-07-29
88ff317e-1c5b-44ba-bb2c-a652226ddfb2,1003,1,2,57.11,2024-12-09
66952769-c417-4c7b-b310-bae63862cc19,1006,4,5,41.53,2025-04-13
9a48bcf3-9935-4ed4-a8b5-cfa05632692a,1006,5,6,30.33,2025-02-12
4e66fde0-5783-4a24-adcf-b46356407ee8,1003,1,5,14.02,2025-04-13
62879fbf-f685-451a-97ff-770acaf77631,1006,4,3,19.31,2025-05-10
efff303e-df8e-49ad-9722-ca48ad92ce3a,1003,3,9,88.56,2025-01-11
aeec2037-d0c0-4f29-9fb0-9559ad21e315,1004,4,2,69.34,2025-03-05
c827ac7b-b79a-4509-b155-fd391cfc216d,1001,5,7,61.82,2024-10-11
82264602-52b7-4f10-bffa-deb16dd47f7c,1001,4,6,10.77,2025-04-17
299d7ee4-c99a-4a3a-b329-502c2a1378c4,1005,3,7,90.56,2025-06-18
a4315a74-79c7-4252-aa7d-7aca2e7573c9,1008,5,2,87.77,2024-08-16
1e628d93-1b86-4ccf-a14c-0565b27e7029,1004,1,7,95.83,2025-06-02
082108ba-7727-4c06-b69c-93bcb839552d,1008,2,2,48.41,2025-06-03
d4d2d08b-4598-4416-8668-8a2df7ef66a5,1003,1,5,62.15,2025-05-17
bf9042ff-0bf5-481b-8dc9-320628edf576,1006,4,5,11.45,2025-05-29
401612c0-cc09-49bf-b179-cb731deb103c,1008,2,5,37.96,2024-11-10
46bf869c-8dcb-4109-ae8e-255427cba29c,1001,3,4,25.92,2024-07-31
fa288011-3b26-4985-8bd2-c6a1d2df48c4,1001,4,2,57.35,2024-11-11
df560226-3770-46b0-a625-0b60d472f374,1010,5,9,85.21,2024-08-14
b69c34d6-3ed3-440c-9cac-d5c71536716d,1004,3,7,35.88,2024-09-01
0017e8fe-5ea9-4f75-8f5f-2405931df71f,1000,3,10,95.65,2025-01-20
4357fe9a-fdf5-4885-b4c4-af6a544160c5,1003,4,4,88.8,2024-12-17
eb1d4542-fecc-4590-89fc-1fca8f9fa95f,1010,5,5,43.72,2025-04-01
c887e27c-9b35-4ac2-a1ee-67de8cb57ffc,1003,3,2,26.01,2024-12-03
b6e74512-f622-473c-a9e9-23de922f4239,1007,4,1,45.03,2025-01-16
b62725d3-8616-4365-9e30-52cc57142bd8,1008,2,10,98.17,2025-01-27
e9b95c50-bd3c-4e15-b3e5-0091a15da24c,1010,4,8,81.08,2025-03-15
70a96a7f-9113-4ea8-9c72-2d1c1cc64e8b,1004,3,3,53.13,2025-02-16
da467828-41a1-4acf-8204-b0d9f051b5b0,1009,2,5,55.6,2025-01-01
70362015-705a-4ac4-94c6-b282f9f638a9,1005,1,1,80.23,2025-03-20
05455126-fa3b-4181-951d-38bd70e8a115,1007,4,1,72.7,2024-07-14
b7f175a5-3688-41a3-a9ed-928dc8f9d71e,1007,1,3,28.06,2024-10-09
d2986365-596f-42a2-bc78-d6fcd0e04ea4,1000,5,2,86.6,2024-08-31
0e2f12af-fb9d-44f6-9273-6294838532fc,1002,3,3,74.78,2024-10-19
c64612be-9834-4855-a4c0-23fc9e3ab39f,1001,3,4,22.79,2025-03-22
c25e41da-e0ef-41d9-a2d7-d4dcac8e0195,1002,4,5,58.74,2025-05-29
97b6c954-6047-4dfc-9544-a0f804573e4c,1003,2,2,85.29,2025-06-08
6c4bdaea-4c72-415f-ac9d-42aba84540d0,1009,2,2,58.52,2024-10-17
38fe7307-6257-4ecc-905d-07f0247a512e,1005,5,3,57.18,2024-07-09
b3f275c8-c703-4605-a51b-a2dd7593c1ff,1010,1,8,95.67,2024-07-04
